id,name,price,rate,description,link_product
0,Smart Tivi Samsung QLED 4K Vision AI 75 inch QA75Q8FA,"31,990,000đ",5.0,"{'Công nghệ hình ảnh': 'Công nghệ Quantum Dot, Công nghệ Quantum HDR+, Công nghệ đèn nền Dual LED, Công nghệ Motion Xcelerator, Công nghệ Supreme UHD Dimming, Công nghệ Color Booster Pro, AI Generative Wallpaper, EyeComfort, Smart Calibration', 'Tần số quét thực': '50 Hz', 'Xuất xứ': 'Việt Nam', 'Bảo hành': '2 năm', 'Loại Tivi': 'Smart Tivi', 'Kích thước màn hình': '75""', 'Khoảng kích thước màn hình': '75 inch trở lên', 'Công nghệ màn hình': 'QLED', 'Độ phân giải': 'Ultra HD 4K (3840 x 2160 Pixel)', 'Bluetooth': 'Bluetooth 5.3', 'Cổng LAN': 'Có', 'Wifi': 'Có', 'Hệ điều hành': 'Tizen OS', 'Remote thông minh': 'Điều khiển One Remote Control tích hợp Solar Cell Remote', 'Điều khiển tivi bằng điện thoại': 'SmartThings'}",https://hc.com.vn/ords/product/tivi-samsung-qa75q8fa
1,Smart Tivi Samsung 4K 55 inch UA55U8500F,"13,490,000đ",4.9,"{'Công nghệ hình ảnh': 'HDR, HDR 10+, UHD Dimming, Motion Xcelerator, 4K Upscaling, Filmmaker Mode, Mega Contrast', 'Tần số quét thực': '50Hz', 'Bảo hành': '2 năm', 'Loại Tivi': 'Smart Tivi', 'Kích thước màn hình': '55""', 'Khoảng kích thước màn hình': 'Từ 55 - 64 inch', 'Công nghệ màn hình': 'LED', 'Độ phân giải': 'Ultra HD 4K (3840 x 2160 Pixel)', 'Bluetooth': 'BT5.3', 'Cổng LAN': 'Có', 'Wifi': 'Wi-Fi 5', 'Cổng HDMI': '3 cổng', 'Cổng USB': '1 cổng', 'Hệ điều hành': 'Tizen™ Smart TV', 'Điều khiển tivi bằng điện thoại': 'AirPlay'}",https://hc.com.vn/ords/product/tivi-samsung-ua55u8500f
2,Smart Tivi Khung Tranh The Frame QLED Samsung 4K 75 inch QA75LS03D,"34,490,000đ",4.9,"{'Công nghệ hình ảnh': 'HDR (High Dynamic Range), HDR 10+, Dual LED, Wide Viewing Angle, Supreme UHD Dimming, Real Depth Enhancer, Motion Xcelerator 120Hz, Smart Calibration, Picture Upscale, Filmmaker Mode', 'Tần số quét thực': '100Hz', 'Xuất xứ': 'Việt Nam', 'Bảo hành': '2 năm', 'Loại Tivi': 'Smart Tivi', 'Kích thước màn hình': '75""', 'Khoảng kích thước màn hình': '75 inch trở lên', 'Công nghệ màn hình': 'QLED', 'Độ phân giải': 'Ultra HD 4K (3840 x 2160 Pixel)', 'Bluetooth': 'BT5.2', 'Cổng LAN': 'Có', 'Wifi': 'Wi-Fi 5', 'Cổng HDMI': '4 cổng HDMI', 'Cổng USB': '2 cổng USB A', 'Hệ điều hành': 'Tizen™ Smart TV'}",https://hc.com.vn/ords/product/tivi-samsung-qa75ls03d
3,Smart Tivi Samsung 4K 65 inch UA65U8500F,"16,490,000đ",4.8,"{'Công nghệ hình ảnh': 'HDR, HDR 10+, UHD Dimming, Motion Xcelerator, 4K Upscaling, Filmmaker Mode, Mega Contrast', 'Tần số quét thực': '50Hz', 'Bảo hành': '2 năm', 'Loại Tivi': 'Smart Tivi', 'Kích thước màn hình': '65""', 'Khoảng kích thước màn hình': 'Từ 65 - 74 inch', 'Công nghệ màn hình': 'LED', 'Độ phân giải': 'Ultra HD 4K (3840 x 2160 Pixel)', 'Bluetooth': 'BT5.3', 'Cổng LAN': 'Có', 'Wifi': 'Wi-Fi 5', 'Cổng HDMI': '3 cổng', 'Cổng USB': '1 cổng', 'Hệ điều hành': 'Tizen™ Smart TV', 'Điều khiển tivi bằng điện thoại': 'AirPlay'}",https://hc.com.vn/ords/product/tivi-samsung-ua65u8500f
4,Samsung Smart AI Tivi Mini LED 4K 55 inch QA55QN85D,"18,990,000đ",5.0,"{'Công nghệ hình ảnh': 'NQ4 AI Gen2 Processor | HDR 10+ (Adaptive/Gaming) | Neo Quantum HDR | 4K AI Upscaling | Wide Viewing Angle | Real Depth Enhancer | Quantum MatrixTechnology | Supreme UHD Dimming | Motion Xcelerator 120Hz | Smart Calibration (Basic) | Filmmaker Mode | Auto HDR Remastering | HDR Brightness Optimizer', 'Tần số quét thực': '100Hz', 'Xuất xứ': 'Việt Nam', 'Bảo hành': '2 năm', 'Loại Tivi': 'Smart Tivi', 'Kích thước màn hình': '55""', 'Khoảng kích thước màn hình': 'Từ 55 - 64 inch', 'Công nghệ màn hình': 'Mini LED', 'Độ phân giải': 'Ultra HD 4K (3840 x 2160 Pixel)', 'Bluetooth': 'Có (BT5.2)', 'Cổng LAN': 'Có', 'Wifi': 'Có (Wi-Fi 5)', 'Cổng HDMI': '4 cổng', 'Cổng xuất âm thanh': 'Cổng Optical (Digital Audio Out)', 'Cổng USB': '2 x USB-A'}",https://hc.com.vn/ords/product/tivi-samsung-qa55qn85d
5,Smart Tivi Samsung QLED Vision AI 4K 85 inch QA85Q7FA,"39,990,000đ",4.9,"{'Công nghệ hình ảnh': 'Công nghệ Quantum Dot / Công nghệ Quantum HDR+ / Công nghệ Motion Xcelerator / Công nghệ Supreme UHD Dimming / Công nghệ Mega Contrast / Công nghệ Color Booster Pro / AI Generative Wallpaper / Smart Calibration', 'Xuất xứ': 'Việt Nam', 'Bảo hành': '2 năm', 'Kích thước màn hình': ""85''"", 'Khoảng kích thước màn hình': '75 inch trở lên', 'Bluetooth': 'Có', 'Wifi': 'Có', 'Cổng HDMI': '3 cổng', 'Cổng USB': '1 cổng', 'Hệ điều hành': 'Tizen™ Smart TV', 'Các ứng dụng sẵn có': 'YouTube / Netflix / FPT Play / TV 360 / VieON', 'Remote thông minh': 'Có remote thông minh', 'Bộ xử lý': 'Bộ xử lý Q4 AI Processor', 'Công nghệ âm thanh': 'Object Tracking Sound (OTS Lite) / Adaptive Sound / Q-symphony', 'Tổng công suất loa': '10Wx2'}",https://hc.com.vn/ords/product/tivi-samsung-qa85q7fa
6,Smart Tivi Samsung QLED Vision AI 4K 65 inch QA65Q7FA,"17,490,000đ",4.8,"{'Công nghệ hình ảnh': 'Công nghệ Quantum Dot / Công nghệ Quantum HDR+ / Công nghệ Motion Xcelerator / Công nghệ Supreme UHD Dimming / Công nghệ Mega Contrast / Công nghệ Color Booster Pro / AI Generative Wallpaper / Smart Calibration', 'Xuất xứ': 'Việt Nam', 'Bảo hành': '2 năm', 'Loại Tivi': 'Smart Tivi', 'Kích thước màn hình': ""65''"", 'Khoảng kích thước màn hình': 'Từ 65 - 74 inch', 'Công nghệ màn hình': 'QLED', 'Bluetooth': 'Có', 'Wifi': 'Có', 'Cổng HDMI': '3 cổng', 'Cổng USB': '1 cổng', 'Hệ điều hành': 'Tizen™ Smart TV', 'Các ứng dụng sẵn có': 'YouTube / Netflix / FPT Play / TV 360 / VieON', 'Remote thông minh': 'Có remote thông minh', 'Bộ xử lý': 'Bộ xử lý Q4 AI Processor'}",https://hc.com.vn/ords/product/tivi-samsung-qa65q7fa
7,Smart Tivi QLED Samsung 4K 65 inch QA65Q60D,"14,490,000đ",4.9,"{'Công nghệ hình ảnh': 'HDR (High Dynamic Range), HDR 10+, Quantum Processor Lite 4K, Motion Xcelerator, Filmmaker Mode, Supreme UHD Dimming, 4K Upscaling', 'Xuất xứ': 'Việt Nam', 'Bảo hành': '2 năm', 'Loại Tivi': 'Smart Tivi', 'Kích thước màn hình': '65""', 'Khoảng kích thước màn hình': 'Từ 65 - 74 inch', 'Công nghệ màn hình': 'QLED', 'Độ phân giải': 'Ultra HD 4K (3840 x 2160 Pixel)', 'Bluetooth': 'Có', 'Wifi': 'Có', 'Hệ điều hành': 'Tizen™ Smart TV', 'Các ứng dụng sẵn có': 'YouTube, Netflix, Galaxy Play (Fim+), Clip TV, FPT Play, MyTV, POPS Kids, VieON, MP3 Zing, Spotify, Trình duyệt web', 'Điều khiển tivi bằng điện thoại': 'SmartThings', 'Công nghệ âm thanh': 'Object Tracking Sound, Q-Symphony, Adaptive Sound', 'Tổng công suất loa': '20W'}",https://hc.com.vn/ords/product/tivi-samsung-qa65q60d
8,Smart Tivi Samsung 4K 75 inch UA75DU8000,"17,490,000đ",4.9,"{'Công nghệ hình ảnh': 'HDR (High Dynamic Range), HDR 10+, AI HDR Remastering, Mega Contrast, UHD Dimming, Contrast Enhancer, Motion Xcelerator, 4K Upscaling, Filmmaker Mode', 'Tần số quét thực': '50Hz', 'Xuất xứ': 'Việt Nam', 'Bảo hành': '2 năm', 'Loại Tivi': 'Smart Tivi', 'Kích thước màn hình': '75""', 'Khoảng kích thước màn hình': '75 inch trở lên', 'Công nghệ màn hình': 'LED', 'Độ phân giải': 'Ultra HD 4K (3840 x 2160 Pixel)', 'Bluetooth': 'BT5.2', 'Cổng LAN': 'Có', 'Wifi': 'Wi-Fi 5', 'Cổng HDMI': '3 cổng có 1 cổng HDMI eARC (ARC)', 'Cổng USB': '2 cổng USB A', 'Hệ điều hành': 'Tizen™'}",https://hc.com.vn/ords/product/tivi-samsung-ua75du8000
9,Smart Tivi Samsung 4K 65 inch UA65DU8000,"13,490,000đ",4.8,"{'Công nghệ hình ảnh': 'HDR (High Dynamic Range), HDR 10+, AI HDR Remastering, Mega Contrast, UHD Dimming, Contrast Enhancer, Motion Xcelerator, 4K Upscaling, Filmmaker Mode', 'Tần số quét thực': '50Hz', 'Xuất xứ': 'Việt Nam', 'Bảo hành': '2 năm', 'Loại Tivi': 'Smart Tivi', 'Kích thước màn hình': '65""', 'Khoảng kích thước màn hình': 'Từ 65 - 74 inch', 'Công nghệ màn hình': 'LED', 'Độ phân giải': 'Ultra HD 4K (3840 x 2160 Pixel)', 'Bluetooth': 'BT5.2', 'Cổng LAN': 'Có', 'Wifi': 'Wi-Fi 5', 'Cổng HDMI': '3 cổng có 1 cổng HDMI eARC (ARC)', 'Cổng USB': '2 cổng USB A', 'Hệ điều hành': 'Tizen™'}",https://hc.com.vn/ords/product/tivi-samsung-ua65du8000
10,Smart Tivi Samsung QLED Vision AI 4K 75 inch QA75Q7FA,"27,990,000đ",4.9,"{'Công nghệ hình ảnh': 'Công nghệ Quantum Dot / Công nghệ Quantum HDR+ / Công nghệ Motion Xcelerator / Công nghệ Supreme UHD Dimming / Công nghệ Mega Contrast / Công nghệ Color Booster Pro / AI Generative Wallpaper / Smart Calibration', 'Xuất xứ': 'Việt Nam', 'Bảo hành': '2 năm', 'Loại Tivi': 'Smart Tivi', 'Kích thước màn hình': ""75''"", 'Khoảng kích thước màn hình': '75 inch trở lên', 'Công nghệ màn hình': 'QLED', 'Độ phân giải': '4K UltraHD (3840x2160px)', 'Bluetooth': 'Có', 'Wifi': 'Có', 'Cổng HDMI': '3 cổng', 'Cổng USB': '1 cổng', 'Hệ điều hành': 'Tizen™ Smart TV', 'Các ứng dụng sẵn có': 'YouTube / Netflix / FPT Play / TV 360 / VieON', 'Remote thông minh': 'Có remote thông minh'}",https://hc.com.vn/ords/product/tivi-samsung-qa75q7fa
11,Samsung Smart AI Tivi Mini LED 4K 75 inch QA75QN85B,"25,990,000đ",5.0,"{'Công nghệ hình ảnh': 'Bộ xử lý Neo Quantum 4K, Quantum HDR 24X, Công nghệ kiểm soát đèn nền Quantum Matrix, Supreme UHD Dimming, Chuyển động mượt Motion Xcelerator Turbo+, Góc nhìn siêu rộng Ultra Viewing Angle, Chống chói Anti Reflection, Brightness/Color Detection, Adaptive Picture, Căn chỉnh hình ảnh tự động bảo vệ mắt EyeComfort, Chống xé hình FreeSync Premium Pro, Real Game Enhancer+, Giảm độ trễ chơi game Auto Low Latency Mode (ALLM), Super Ultra Wide Game View & Game Bar', 'Tần số quét thực': '120Hz', 'Xuất xứ': 'Việt Nam', 'Bảo hành': '2 năm', 'Loại Tivi': 'Smart Tivi', 'Kích thước màn hình': '75""', 'Khoảng kích thước màn hình': '75 inch trở lên', 'Công nghệ màn hình': 'Mini LED', 'Độ phân giải': 'Ultra HD 4K (3840 x 2160 Pixel)', 'Bluetooth': 'Có', 'Wifi': 'Có', 'Cổng HDMI': '4 cổng HDMI có 1 cổng HDMI eARC (ARC)', 'Cổng xuất âm thanh': '1 cổng Optical (Digital Audio), 1 cổng eARC (ARC)', 'Cổng USB': '2 cổng USB A', 'Hệ điều hành': 'Tizen OS 6.0'}",https://hc.com.vn/ords/product/tivi-samsung-qa75qn85b
12,Smart Tivi Samsung Crytal UHD 4K 75 inch UA75BU8000,"16,490,000đ",4.8,"{'Công nghệ hình ảnh': 'Dynamic Crystal Color, Bộ xử lý Crystal 4K, Contrast Enhancer, HDR 10+, Motion Xcelerator, Auto Low Latency, UHD Dimming, Analog Clean View', 'Tần số quét thực': '60Hz', 'Xuất xứ': 'Việt Nam', 'Bảo hành': '2 năm', 'Loại Tivi': 'Smart Tivi', 'Kích thước màn hình': '75""', 'Khoảng kích thước màn hình': '75 inch trở lên', 'Công nghệ màn hình': 'LED', 'Độ phân giải': 'Ultra HD 4K (3840 x 2160 Pixel)', 'Bluetooth': 'Có', 'Cổng LAN': 'Có', 'Wifi': 'Có', 'Cổng HDMI': '3 cổng', 'Cổng xuất âm thanh': '1 cổng Digital Audio Out (Optical), 1 cổng eARC (HDMI 2)', 'Cổng USB': '2 cổng'}",https://hc.com.vn/ords/product/tivi-samsung-ua75bu8000
13,Samsung Smart AI Tivi Mini LED 4K 75 inch QA75QN85C,"28,990,000đ",4.9,"{'Công nghệ hình ảnh': 'AI HDR Remastering, Brightness/Color Detection, Màu sắc chuẩn chứng nhận PANTONE, Quantum Mini LED, Real Depth Enhancer, Supreme UHD Dimming, Công nghệ kiểm soát đèn nền Quantum Matrix, Neo Quantum HDR, Chuyển động mượt Motion Xcelerator Turbo+, Chống xé hình FreeSync Premium Pro, Góc nhìn rộng Wide Viewing Angle, Super Ultra Wide Game View & Game Bar, Ambient Mode+, Chế độ Game Motion Plus, Căn chỉnh hình ảnh tự động bảo vệ mắt EyeComfort, Giảm độ trễ chơi game Auto Low Latency Mode (ALLM)', 'Tần số quét thực': '120Hz', 'Xuất xứ': 'Việt Nam', 'Bảo hành': '2 năm', 'Loại Tivi': 'Smart Tivi', 'Kích thước màn hình': '75""', 'Khoảng kích thước màn hình': '75 inch trở lên', 'Công nghệ màn hình': 'Mini LED', 'Độ phân giải': 'Ultra HD 4K (3840 x 2160 Pixel)', 'Bluetooth': 'Có', 'Cổng LAN': 'Có', 'Wifi': 'Có', 'Cổng HDMI': '4 cổng HDMI có 1 cổng HDMI eARC (ARC)', 'Cổng xuất âm thanh': '1 cổng Optical (Digital Audio), 1 cổng eARC (ARC)', 'Cổng USB': '2 cổng USB A'}",https://hc.com.vn/ords/product/tivi-samsung-qa75qn85c
14,Smart Tivi QLED Samsung 4K 65 inch QA65Q80D,"20,490,000đ",4.8,"{'Công nghệ hình ảnh': 'HDR (High Dynamic Range), HDR 10+, NQ4 AI Gen2 Processor, Motion Xcelerator, Filmmaker Mode, Supreme UHD Dimming, 4K Upscaling, Motion Xcelerator 120Hz', 'Xuất xứ': 'Việt Nam', 'Bảo hành': '2 năm', 'Loại Tivi': 'Smart Tivi', 'Kích thước màn hình': '65""', 'Khoảng kích thước màn hình': 'Từ 65 - 74 inch', 'Công nghệ màn hình': 'QLED', 'Độ phân giải': 'Ultra HD 4K (3840 x 2160 Pixel)', 'Bluetooth': 'Có', 'Wifi': 'Có', 'Hệ điều hành': 'Tizen™ Smart TV', 'Các ứng dụng sẵn có': 'YouTube, Netflix, Galaxy Play (Fim+), Clip TV, FPT Play, MyTV, POPS Kids, VieON, MP3 Zing, Spotify, Trình duyệt web', 'Điều khiển tivi bằng điện thoại': 'SmartThings', 'Công nghệ âm thanh': 'Object Tracking Sound, Q-Symphony, Adaptive Sound, 360 Audio', 'Kích thước có chân, đặt bàn': 'Ngang 144.65 cm - Cao 89.13 cm - Dày 28.57 cm'}",https://hc.com.vn/ords/product/tivi-samsung-qa65q80d
15,Smart Tivi QLED Samsung 4K 75 inch QA75Q80D,"31,990,000đ",4.9,"{'Công nghệ hình ảnh': 'HDR (High Dynamic Range), HDR 10+, NQ4 AI Gen2 Processor, Motion Xcelerator, Filmmaker Mode, Supreme UHD Dimming, 4K Upscaling, Motion Xcelerator 120Hz', 'Xuất xứ': 'Việt Nam', 'Bảo hành': '2 năm', 'Loại Tivi': 'Smart Tivi', 'Kích thước màn hình': '75""', 'Khoảng kích thước màn hình': '75 inch trở lên', 'Công nghệ màn hình': 'QLED', 'Độ phân giải': 'Ultra HD 4K (3840 x 2160 Pixel)', 'Bluetooth': 'Có', 'Wifi': 'Có', 'Hệ điều hành': 'Tizen™ Smart TV', 'Điều khiển tivi bằng điện thoại': 'SmartThings', 'Công nghệ âm thanh': 'Object Tracking Sound, Q-Symphony, Adaptive Sound, 360 Audio', 'Kích thước có chân, đặt bàn': 'Ngang 167.06 cm - Cao 101.89 cm - Dày 31.35 cm', 'Khối lượng có chân': '37.9 kg'}",https://hc.com.vn/ords/product/tivi-samsung-qa75q80d
16,Samsung Smart AI Tivi Mini LED 4K 65 inch QA65QN85D,"22,490,000đ",4.8,"{'Công nghệ hình ảnh': 'NQ4 AI Gen2 Processor | HDR 10+ (Adaptive/Gaming) | Neo Quantum HDR | 4K AI Upscaling | Wide Viewing Angle | Real Depth Enhancer | Quantum MatrixTechnology | Supreme UHD Dimming | Motion Xcelerator 120Hz | Smart Calibration (Basic) | Filmmaker Mode | Auto HDR Remastering | HDR Brightness Optimizer', 'Tần số quét thực': '100Hz', 'Xuất xứ': 'Việt Nam', 'Bảo hành': '2 năm', 'Loại Tivi': 'Smart Tivi', 'Kích thước màn hình': '65""', 'Khoảng kích thước màn hình': 'Từ 65 - 74 inch', 'Công nghệ màn hình': 'Mini LED', 'Độ phân giải': 'Ultra HD 4K (3840 x 2160 Pixel)', 'Bluetooth': 'Có (BT5.2)', 'Cổng LAN': 'Có', 'Wifi': 'Có (Wi-Fi 5)', 'Cổng HDMI': '4 cổng', 'Cổng xuất âm thanh': 'Cổng Optical (Digital Audio Out)', 'Cổng USB': '2 x USB-A'}",https://hc.com.vn/ords/product/tivi-samsung-qa65qn85d
17,Smart Tivi Samsung 4K 75 inch UA75AU7000KXXV,"15,990,000đ",4.8,"{'Công nghệ hình ảnh': 'Dynamic Crystal Color, Bộ xử lý hình ảnh Crystal 4K, HDR, UHD Dimming, Contrast Enhancer, Purcolor, Motion Xcelerator', 'Tần số quét thực': '60 Hz', 'Xuất xứ': 'Việt Nam', 'Bảo hành': '2 năm', 'Loại Tivi': 'Smart Tivi', 'Kích thước màn hình': '75""', 'Khoảng kích thước màn hình': '75 inch trở lên', 'Công nghệ màn hình': 'LED', 'Độ phân giải': 'Ultra HD 4K (3840 x 2160 Pixel)', 'Bluetooth': 'Có', 'Wifi': 'Có', 'Cổng HDMI': '3 cổng', 'Cổng USB': '1 cổng', 'Hệ điều hành': 'Tizen OS', 'Công nghệ âm thanh': 'Q Symphony: kết hợp loa TV và loa thanh giúp tối ưu công suất loa mạnh mẽ, Adaptive Sound: âm thanh được tinh chỉnh phù hợp với nội dung giải trí'}",https://hc.com.vn/ords/product/tivi-samsung-ua75au7000
18,Smart Tivi Samsung 32 inch UA32T4202,"4,690,000đ",4.8,"{'Công nghệ hình ảnh': 'Hyper Real Engine, Độ tương phản cao - Mega Contrast, Kiểm soát đèn nền Micro Dimming Pro, Nâng cấp độ tương phản Contrast Enhancer, PurColor', 'Xuất xứ': 'Việt Nam', 'Bảo hành': '12 tháng', 'Loại Tivi': 'Smart Tivi', 'Kích thước màn hình': '32""', 'Khoảng kích thước màn hình': 'Từ 32 - 43 inch', 'Công nghệ màn hình': 'LED', 'Độ phân giải': 'HD (1366 x 768 Pixel)', 'Cổng LAN': 'Có', 'Wifi': 'Có', 'Cổng HDMI': '2 cổng', 'Cổng xuất âm thanh': '1 cổng Optical (Digital Audio)', 'Cổng USB': '1 cổng USB A', 'Hệ điều hành': 'Tizen™', 'Các ứng dụng sẵn có': 'YouTube, Netflix, Google Play,Trình duyệt web,Prime Video'}",https://hc.com.vn/ords/product/tivi-samsung-ua32t4202
19,Smart Tivi Samsung 4K 43 inch UA43DU7000,"7,490,000đ",4.8,"{'Công nghệ hình ảnh': 'HDR (High Dynamic Range), HDR 10+, Mega Contrast, UHD Dimming, Contrast Enhancer, Motion Xcelerator, 4K Upscaling, Filmmaker Mode', 'Tần số quét thực': '50Hz', 'Bảo hành': '2 năm/Áp dụng từ ngày 18/3/2025', 'Loại Tivi': 'Smart Tivi', 'Kích thước màn hình': '43""', 'Khoảng kích thước màn hình': 'Từ 32 - 43 inch', 'Công nghệ màn hình': 'LED', 'Độ phân giải': 'Ultra HD 4K (3840 x 2160 Pixel)', 'Bluetooth': 'BT5.2', 'Cổng LAN': 'Có', 'Wifi': 'Wi-Fi 5', 'Cổng HDMI': '3 cổng có 1 cổng HDMI eARC (ARC)', 'Cổng USB': '1 cổng USB A', 'Hệ điều hành': 'Tizen™ Smart TV', 'Bộ xử lý': 'Crystal Processor 4K'}",https://hc.com.vn/ords/product/tivi-samsung-ua43du7000
20,Smart Tivi Samsung 4K 50 inch UA50DU8000,"9,990,000đ",4.9,"{'Công nghệ hình ảnh': 'HDR (High Dynamic Range), HDR 10+, AI HDR Remastering, Mega Contrast, UHD Dimming, Contrast Enhancer, Motion Xcelerator, 4K Upscaling, Filmmaker Mode', 'Tần số quét thực': '50Hz', 'Xuất xứ': 'Việt Nam', 'Bảo hành': '2 năm/Áp dụng từ ngày 18/3/2025', 'Loại Tivi': 'Smart Tivi', 'Kích thước màn hình': '50""', 'Khoảng kích thước màn hình': 'Từ 44 - 54 inch', 'Công nghệ màn hình': 'LED', 'Độ phân giải': 'Ultra HD 4K (3840 x 2160 Pixel)', 'Bluetooth': 'BT5.2', 'Cổng LAN': 'Có', 'Wifi': 'Wi-Fi 5', 'Cổng HDMI': '3 cổng có 1 cổng HDMI eARC (ARC)', 'Cổng USB': '2 cổng USB A', 'Hệ điều hành': 'Tizen™'}",https://hc.com.vn/ords/product/tivi-samsung-ua50du8000
21,Smart Tivi Khung Tranh The Frame QLED Samsung 4K 65 inch QA65LS03D,"21,490,000đ",5.0,"{'Công nghệ hình ảnh': 'HDR (High Dynamic Range), HDR 10+, Dual LED, Wide Viewing Angle, Supreme UHD Dimming, Real Depth Enhancer, Motion Xcelerator 120Hz, Smart Calibration, Picture Upscale, Filmmaker Mode', 'Tần số quét thực': '100Hz', 'Xuất xứ': 'Việt Nam', 'Bảo hành': '2 năm', 'Loại Tivi': 'Smart Tivi', 'Kích thước màn hình': '65""', 'Khoảng kích thước màn hình': 'Từ 65 - 74 inch', 'Công nghệ màn hình': 'QLED', 'Độ phân giải': 'Ultra HD 4K (3840 x 2160 Pixel)', 'Bluetooth': 'BT5.2', 'Cổng LAN': 'Có', 'Wifi': 'Wi-Fi 5', 'Cổng HDMI': '4 cổng HDMI', 'Cổng USB': '2 cổng USB A', 'Hệ điều hành': 'Tizen™ Smart TV'}",https://hc.com.vn/ords/product/tivi-samsung-qa65ls03d
22,Smart Tivi QLED Samsung 4K 43 inch QA43Q60D,"9,990,000đ",5.0,"{'Công nghệ hình ảnh': 'HDR (High Dynamic Range), HDR 10+, Quantum Processor Lite 4K, Motion Xcelerator, Filmmaker Mode, Supreme UHD Dimming, 4K Upscaling', 'Xuất xứ': 'Việt Nam', 'Bảo hành': '2 năm/Áp dụng từ ngày 18/3/2025', 'Loại Tivi': 'Smart Tivi', 'Kích thước màn hình': '43""', 'Khoảng kích thước màn hình': 'Từ 32 - 43 inch', 'Công nghệ màn hình': 'QLED', 'Độ phân giải': 'Ultra HD 4K (3840 x 2160 Pixel)', 'Bluetooth': 'Có', 'Wifi': 'Có', 'Hệ điều hành': 'Tizen™ Smart TV', 'Điều khiển tivi bằng điện thoại': 'SmartThings', 'Công nghệ âm thanh': 'Object Tracking Sound, Q-Symphony, Adaptive Sound', 'Tổng công suất loa': '20W', 'Kích thước có chân, đặt bàn': 'Ngang 96.55 cm - Cao 62.37 cm - Dày 18.76 cm'}",https://hc.com.vn/ords/product/tivi-samsung-qa43q60d
23,Smart Tivi QLED Samsung 4K 50 inch QA50Q60D,"11,990,000đ",5.0,"{'Công nghệ hình ảnh': 'HDR (High Dynamic Range), HDR 10+, Quantum Processor Lite 4K, Motion Xcelerator, Filmmaker Mode, Supreme UHD Dimming, 4K Upscaling', 'Xuất xứ': 'Việt Nam', 'Bảo hành': '2 năm/Áp dụng từ ngày 18/3/2025', 'Loại Tivi': 'Smart Tivi', 'Kích thước màn hình': '50""', 'Khoảng kích thước màn hình': 'Từ 44 - 54 inch', 'Công nghệ màn hình': 'QLED', 'Độ phân giải': 'Ultra HD 4K (3840 x 2160 Pixel)', 'Bluetooth': 'Có', 'Wifi': 'Có', 'Hệ điều hành': 'Tizen™ Smart TV', 'Các ứng dụng sẵn có': 'YouTube, Netflix, Galaxy Play (Fim+), Clip TV, FPT Play, MyTV, POPS Kids, VieON, MP3 Zing, Spotify, Trình duyệt web', 'Điều khiển tivi bằng điện thoại': 'SmartThings', 'Công nghệ âm thanh': 'Object Tracking Sound, Q-Symphony, Adaptive Sound', 'Tổng công suất loa': '20W'}",https://hc.com.vn/ords/product/tivi-samsung-qa50q60d
24,Smart Tivi QLED Samsung 4K 55 inch QA55Q60D,"12,490,000đ",4.9,"{'Công nghệ hình ảnh': 'HDR (High Dynamic Range), HDR 10+, Quantum Processor Lite 4K, Motion Xcelerator, Filmmaker Mode, Supreme UHD Dimming, 4K Upscaling', 'Xuất xứ': 'Việt Nam', 'Bảo hành': '2 năm', 'Loại Tivi': 'Smart Tivi', 'Kích thước màn hình': '55""', 'Khoảng kích thước màn hình': 'Từ 55 - 64 inch', 'Công nghệ màn hình': 'QLED', 'Độ phân giải': 'Ultra HD 4K (3840 x 2160 Pixel)', 'Bluetooth': 'Có', 'Wifi': 'Có', 'Hệ điều hành': 'Tizen™ Smart TV', 'Các ứng dụng sẵn có': 'YouTube, Netflix, Galaxy Play (Fim+), Clip TV, FPT Play, MyTV, POPS Kids, VieON, MP3 Zing, Spotify, Trình duyệt web', 'Điều khiển tivi bằng điện thoại': 'SmartThings', 'Công nghệ âm thanh': 'Object Tracking Sound, Q-Symphony, Adaptive Sound', 'Tổng công suất loa': '20W'}",https://hc.com.vn/ords/product/tivi-samsung-qa55q60d
25,Smart Tivi QLED Samsung 4K 85 inch QA85Q60D,"31,990,000đ",4.8,"{'Công nghệ hình ảnh': 'HDR (High Dynamic Range), HDR 10+, Quantum Processor Lite 4K, Motion Xcelerator, Filmmaker Mode, Supreme UHD Dimming, 4K Upscaling', 'Xuất xứ': 'Việt Nam', 'Bảo hành': '2 năm', 'Loại Tivi': 'Smart Tivi', 'Kích thước màn hình': '85""', 'Khoảng kích thước màn hình': '75 inch trở lên', 'Công nghệ màn hình': 'QLED', 'Độ phân giải': 'Ultra HD 4K (3840 x 2160 Pixel)', 'Bluetooth': 'Có', 'Wifi': 'Có', 'Hệ điều hành': 'Tizen™ Smart TV', 'Các ứng dụng sẵn có': 'YouTube, Netflix, Galaxy Play (Fim+), Clip TV, FPT Play, MyTV, POPS Kids, VieON, MP3 Zing, Spotify, Trình duyệt web', 'Điều khiển tivi bằng điện thoại': 'SmartThings', 'Công nghệ âm thanh': 'Object Tracking Sound, Q-Symphony, Adaptive Sound', 'Tổng công suất loa': '20W'}",https://hc.com.vn/ords/product/tivi-samsung-qa85q60d
26,Smart Tivi QLED Samsung 4K 55 inch QA55Q70D,"14,490,000đ",5.0,"{'Công nghệ hình ảnh': 'HDR (High Dynamic Range), HDR 10+, Quantum Processor 4K, Motion Xcelerator, Filmmaker Mode, Supreme UHD Dimming, 4K Upscaling, Motion Xcelerator 120Hz', 'Xuất xứ': 'Việt Nam', 'Bảo hành': '2 năm', 'Loại Tivi': 'Smart Tivi', 'Kích thước màn hình': '55""', 'Khoảng kích thước màn hình': 'Từ 55 - 64 inch', 'Công nghệ màn hình': 'QLED', 'Độ phân giải': 'Ultra HD 4K (3840 x 2160 Pixel)', 'Bluetooth': 'Có', 'Wifi': 'Có', 'Hệ điều hành': 'Tizen™ Smart TV', 'Các ứng dụng sẵn có': 'YouTube, Netflix, Galaxy Play (Fim+), Clip TV, FPT Play, MyTV, POPS Kids, VieON, MP3 Zing, Spotify, Trình duyệt web', 'Điều khiển tivi bằng điện thoại': 'SmartThings', 'Công nghệ âm thanh': 'Object Tracking Sound, Q-Symphony, Adaptive Sound, 360 Audio', 'Tổng công suất loa': '20W'}",https://hc.com.vn/ords/product/tivi-samsung-qa55q70d
27,Smart Tivi Khung Tranh The Frame QLED Samsung 4K 55 inch QA55LS03D,"18,990,000đ",4.8,"{'Công nghệ hình ảnh': 'HDR (High Dynamic Range), HDR 10+, Dual LED, Wide Viewing Angle, Supreme UHD Dimming, Real Depth Enhancer, Motion Xcelerator 120Hz, Smart Calibration, Picture Upscale, Filmmaker Mode', 'Tần số quét thực': '100Hz', 'Bảo hành': '2 năm', 'Loại Tivi': 'Smart Tivi', 'Kích thước màn hình': '55""', 'Khoảng kích thước màn hình': 'Từ 55 - 64 inch', 'Công nghệ màn hình': 'QLED', 'Độ phân giải': 'Ultra HD 4K (3840 x 2160 Pixel)', 'Bluetooth': 'BT5.2', 'Cổng LAN': 'Có', 'Wifi': 'Wi-Fi 5', 'Cổng HDMI': '4 cổng HDMI', 'Cổng USB': '2 cổng USB A', 'Hệ điều hành': 'Tizen™ Smart TV', 'Điều khiển tivi bằng điện thoại': 'SmartThings'}",https://hc.com.vn/ords/product/tivi-samsung-qa55ls03d
28,Smart Tivi Samsung OLED 4K 77 inch QA77S95C,"59,990,000đ",4.8,"{'Công nghệ hình ảnh': 'Neural Quantum 4K, Ultra Viewing Angle, PANTONE Validated, Anti-Reflection, EyeComfort, Brightness/color Detection, OLED, Quantum Dot, Quantum HDR OLED plus, Motion Xcelerator Turbo Pro, Real Depth Enhancer', 'Xuất xứ': 'Việt Nam', 'Bảo hành': '2 năm', 'Loại Tivi': 'Smart Tivi', 'Kích thước màn hình': '77 inch', 'Khoảng kích thước màn hình': '75 inch trở lên', 'Công nghệ màn hình': 'OLED', 'Độ phân giải': 'Ultra HD 4K (3840 x 2160 Pixel)', 'Bluetooth': 'Có', 'Wifi': 'Có', 'Cổng HDMI': '4 cổng', 'Cổng xuất âm thanh': '1 cổng Optical (Digital Audio), 1 cổng eARC (ARC)', 'Cổng USB': '2 cổng', 'Hệ điều hành': 'Tizen™', 'Các ứng dụng sẵn có': 'Youtube, Google Play, Netflix, Trình duyệt web'}",https://hc.com.vn/ords/product/tivi-samsung-qa77s95c
29,Samsung Smart AI Tivi OLED 4K 55 inch QA55S90D,"21,990,000đ",5.0,"{'Công nghệ hình ảnh': 'HDR (High Dynamic Range), HDR 10+, NQ4 AI Gen2 Processor, Motion Xcelerator, Filmmaker Mode, Supreme UHD Dimming, 4K AI Upscaling, Motion Xcelerator 144Hz', 'Xuất xứ': 'Việt Nam', 'Bảo hành': '2 năm', 'Loại Tivi': 'Smart Tivi', 'Kích thước màn hình': '55""', 'Khoảng kích thước màn hình': 'Từ 55 - 64 inch', 'Công nghệ màn hình': 'OLED', 'Độ phân giải': 'Ultra HD 4K (3840 x 2160 Pixel)', 'Bluetooth': 'Có', 'Wifi': 'Có', 'Hệ điều hành': 'Tizen™ Smart TV', 'Các ứng dụng sẵn có': 'YouTube, Netflix, Galaxy Play (Fim+), Clip TV, FPT Play, MyTV, POPS Kids, VieON, MP3 Zing, Spotify, Trình duyệt web', 'Điều khiển tivi bằng điện thoại': 'SmartThings', 'Công nghệ âm thanh': 'Object Tracking Sound, Q-Symphony, Adaptive Sound, 360 Audio', 'Kích thước có chân, đặt bàn': 'Ngang 122.54 cm - Cao 77.36 cm - Dày 26.52 cm'}",https://hc.com.vn/ords/product/tivi-samsung-qa55s90d
